{"cameraMode":{"drawMode":0,"name":"Shaded","section":"Shading Mode"},"sceneLighting":true,"audioPlay":false,"sceneViewState":{"showFog":true,"showMaterialUpdate":false,"showSkybox":true,"showFlares":true,"showImageEffects":true,"showParticleSystems":true,"showVisualEffectGraphs":true,"m_FxEnabled":true},"in2DMode":false,"pivot":{"x":135.97061157226563,"y":98.60456085205078,"z":108.31809997558594},"rotation":{"x":-0.4526344835758209,"y":-0.018190253525972368,"z":0.009235215373337269,"w":-0.8914915323257446},"size":5.610808849334717,"orthographic":false}