{"cameraMode":{"drawMode":0,"name":"Shaded","section":"Shading Mode"},"sceneLighting":true,"audioPlay":false,"sceneViewState":{"showFog":true,"showMaterialUpdate":false,"showSkybox":true,"showFlares":true,"showImageEffects":true,"showParticleSystems":true,"showVisualEffectGraphs":true,"m_FxEnabled":true},"in2DMode":false,"pivot":{"x":143.83346557617188,"y":96.2549819946289,"z":140.6731414794922},"rotation":{"x":-0.22925405204296113,"y":0.0020397796761244537,"z":-0.00048235568101517856,"w":-0.9733717441558838},"size":13.3958740234375,"orthographic":false}